"task","mean_time","median_time","sd_time"
"task1",439,436,93.187982057774
"task2",431.777777777778,426,103.75184067979
"task3",396.888888888889,369,92.7920315065421
